UserEmail,ActivityType,DurationMinutes,LoggedAt
bryan.parker-carter180@example.com,Gym,47,2025-07-27 19:00:00
bryan.parker-carter180@example.com,Stretching,33,2025-07-29 19:00:00
bryan.parker-carter180@example.com,Tennis,38,2025-07-31 19:00:00
bryan.parker-carter180@example.com,Stretching,47,2025-08-01 19:00:00
bryan.parker-carter180@example.com,Walk,50,2025-08-03 19:00:00
bryan.parker-carter180@example.com,Run,20,2025-08-04 19:00:00
bryan.parker-carter180@example.com,Study Break,16,2025-08-05 19:00:00
bryan.parker-carter180@example.com,Study Break,59,2025-08-07 19:00:00
bryan.parker-carter180@example.com,Run,32,2025-08-08 19:00:00
bryan.parker-carter180@example.com,Run,38,2025-08-10 19:00:00
bryan.parker-carter180@example.com,Gym,24,2025-08-11 19:00:00
bryan.parker-carter180@example.com,Study Break,15,2025-08-12 19:00:00
bryan.parker-carter180@example.com,Run,18,2025-08-15 19:00:00
bryan.parker-carter180@example.com,Yoga,29,2025-08-17 19:00:00
bryan.parker-carter180@example.com,Meditation,52,2025-08-18 19:00:00
bryan.parker-carter180@example.com,Cycling,52,2025-08-21 19:00:00
bryan.parker-carter180@example.com,Run,35,2025-08-25 19:00:00
bryan.parker-carter180@example.com,Walk,59,2025-08-26 19:00:00
bryan.parker-carter180@example.com,Meditation,55,2025-08-30 19:00:00
bryan.parker-carter180@example.com,Walk,19,2025-08-31 19:00:00
bryan.parker-carter180@example.com,Walk,41,2025-09-01 19:00:00
bryan.parker-carter180@example.com,Study Break,36,2025-09-03 19:00:00
bryan.parker-carter180@example.com,Run,64,2025-09-04 19:00:00
bryan.parker-carter180@example.com,Gym,44,2025-09-07 19:00:00
bryan.parker-carter180@example.com,Stretching,48,2025-09-08 19:00:00
bryan.parker-carter180@example.com,Yoga,36,2025-09-09 19:00:00
bryan.parker-carter180@example.com,Run,28,2025-09-10 19:00:00
bryan.parker-carter180@example.com,Cycling,19,2025-09-12 19:00:00
bryan.parker-carter180@example.com,Meditation,27,2025-09-13 19:00:00
bryan.parker-carter180@example.com,Walk,38,2025-09-16 19:00:00
bryan.parker-carter180@example.com,Meditation,25,2025-09-18 19:00:00
bryan.parker-carter180@example.com,Stretching,56,2025-09-20 19:00:00
bryan.parker-carter180@example.com,Yoga,18,2025-09-24 19:00:00
bryan.parker-carter180@example.com,Study Break,10,2025-09-25 19:00:00
bryan.parker-carter180@example.com,Study Break,40,2025-09-26 19:00:00
bryan.parker-carter180@example.com,Tennis,53,2025-09-27 19:00:00
bryan.parker-carter180@example.com,Cycling,10,2025-09-29 19:00:00
bryan.parker-carter180@example.com,Meditation,44,2025-09-30 19:00:00
bryan.parker-carter180@example.com,Run,10,2025-10-01 19:00:00
bryan.parker-carter180@example.com,Run,41,2025-10-02 19:00:00
bryan.parker-carter180@example.com,Stretching,26,2025-10-05 19:00:00
bryan.parker-carter180@example.com,Cycling,38,2025-10-06 19:00:00
bryan.parker-carter180@example.com,Run,18,2025-10-07 19:00:00
bryan.parker-carter180@example.com,Tennis,26,2025-10-09 19:00:00
bryan.parker-carter180@example.com,Gym,17,2025-10-10 19:00:00
bryan.parker-carter180@example.com,Yoga,56,2025-10-12 19:00:00
bryan.parker-carter180@example.com,Walk,41,2025-10-14 19:00:00
bryan.parker-carter180@example.com,Meditation,26,2025-10-15 19:00:00
bryan.parker-carter180@example.com,Yoga,50,2025-10-17 19:00:00
bryan.parker-carter180@example.com,Tennis,25,2025-10-18 19:00:00
bryan.parker-carter180@example.com,Stretching,41,2025-10-20 19:00:00
bryan.parker-carter180@example.com,Study Break,35,2025-10-24 19:00:00
bryan.parker-carter180@example.com,Tennis,38,2025-10-25 19:00:00
mr.terence.birch795@example.com,Walk,54,2025-07-27 19:00:00
mr.terence.birch795@example.com,Tennis,45,2025-07-28 19:00:00
mr.terence.birch795@example.com,Stretching,23,2025-08-01 19:00:00
mr.terence.birch795@example.com,Gym,32,2025-08-03 19:00:00
mr.terence.birch795@example.com,Stretching,11,2025-08-04 19:00:00
mr.terence.birch795@example.com,Yoga,51,2025-08-06 19:00:00
mr.terence.birch795@example.com,Walk,31,2025-08-07 19:00:00
mr.terence.birch795@example.com,Walk,31,2025-08-08 19:00:00
mr.terence.birch795@example.com,Stretching,35,2025-08-09 19:00:00
mr.terence.birch795@example.com,Walk,10,2025-08-13 19:00:00
mr.terence.birch795@example.com,Yoga,34,2025-08-14 19:00:00
mr.terence.birch795@example.com,Study Break,21,2025-08-15 19:00:00
mr.terence.birch795@example.com,Walk,48,2025-08-16 19:00:00
mr.terence.birch795@example.com,Stretching,46,2025-08-17 19:00:00
mr.terence.birch795@example.com,Study Break,44,2025-08-18 19:00:00
mr.terence.birch795@example.com,Study Break,35,2025-08-23 19:00:00
mr.terence.birch795@example.com,Run,29,2025-08-24 19:00:00
mr.terence.birch795@example.com,Run,47,2025-08-26 19:00:00
mr.terence.birch795@example.com,Tennis,38,2025-08-27 19:00:00
mr.terence.birch795@example.com,Walk,45,2025-08-30 19:00:00
mr.terence.birch795@example.com,Run,18,2025-08-31 19:00:00
mr.terence.birch795@example.com,Walk,40,2025-09-01 19:00:00
mr.terence.birch795@example.com,Gym,32,2025-09-02 19:00:00
mr.terence.birch795@example.com,Stretching,28,2025-09-04 19:00:00
mr.terence.birch795@example.com,Cycling,30,2025-09-06 19:00:00
mr.terence.birch795@example.com,Cycling,56,2025-09-07 19:00:00
mr.terence.birch795@example.com,Stretching,40,2025-09-08 19:00:00
mr.terence.birch795@example.com,Cycling,13,2025-09-10 19:00:00
mr.terence.birch795@example.com,Run,25,2025-09-11 19:00:00
mr.terence.birch795@example.com,Meditation,39,2025-09-12 19:00:00
mr.terence.birch795@example.com,Cycling,43,2025-09-13 19:00:00
mr.terence.birch795@example.com,Walk,20,2025-09-15 19:00:00
mr.terence.birch795@example.com,Stretching,33,2025-09-16 19:00:00
mr.terence.birch795@example.com,Tennis,26,2025-09-17 19:00:00
mr.terence.birch795@example.com,Stretching,25,2025-09-18 19:00:00
mr.terence.birch795@example.com,Run,49,2025-09-20 19:00:00
mr.terence.birch795@example.com,Yoga,35,2025-09-23 19:00:00
mr.terence.birch795@example.com,Stretching,44,2025-09-25 19:00:00
mr.terence.birch795@example.com,Meditation,40,2025-09-26 19:00:00
mr.terence.birch795@example.com,Run,52,2025-09-27 19:00:00
mr.terence.birch795@example.com,Study Break,40,2025-09-28 19:00:00
mr.terence.birch795@example.com,Yoga,14,2025-09-29 19:00:00
mr.terence.birch795@example.com,Yoga,38,2025-09-30 19:00:00
mr.terence.birch795@example.com,Study Break,50,2025-10-01 19:00:00
mr.terence.birch795@example.com,Meditation,36,2025-10-03 19:00:00
mr.terence.birch795@example.com,Stretching,57,2025-10-05 19:00:00
mr.terence.birch795@example.com,Meditation,48,2025-10-06 19:00:00
mr.terence.birch795@example.com,Cycling,19,2025-10-07 19:00:00
mr.terence.birch795@example.com,Cycling,30,2025-10-08 19:00:00
mr.terence.birch795@example.com,Tennis,38,2025-10-09 19:00:00
mr.terence.birch795@example.com,Yoga,39,2025-10-10 19:00:00
mr.terence.birch795@example.com,Tennis,36,2025-10-11 19:00:00
mr.terence.birch795@example.com,Cycling,31,2025-10-12 19:00:00
mr.terence.birch795@example.com,Cycling,31,2025-10-14 19:00:00
mr.terence.birch795@example.com,Gym,25,2025-10-15 19:00:00
mr.terence.birch795@example.com,Tennis,50,2025-10-16 19:00:00
mr.terence.birch795@example.com,Tennis,10,2025-10-17 19:00:00
mr.terence.birch795@example.com,Yoga,17,2025-10-18 19:00:00
mr.terence.birch795@example.com,Run,50,2025-10-21 19:00:00
mr.terence.birch795@example.com,Stretching,10,2025-10-22 19:00:00
mr.terence.birch795@example.com,Walk,10,2025-10-24 19:00:00
robert.ryan573@example.com,Walk,60,2025-07-27 19:00:00
robert.ryan573@example.com,Tennis,37,2025-07-28 19:00:00
robert.ryan573@example.com,Study Break,58,2025-07-31 19:00:00
robert.ryan573@example.com,Stretching,20,2025-08-02 19:00:00
robert.ryan573@example.com,Yoga,16,2025-08-03 19:00:00
robert.ryan573@example.com,Gym,40,2025-08-04 19:00:00
robert.ryan573@example.com,Tennis,35,2025-08-05 19:00:00
robert.ryan573@example.com,Walk,42,2025-08-06 19:00:00
robert.ryan573@example.com,Cycling,48,2025-08-08 19:00:00
robert.ryan573@example.com,Yoga,27,2025-08-09 19:00:00
robert.ryan573@example.com,Cycling,27,2025-08-15 19:00:00
robert.ryan573@example.com,Cycling,34,2025-08-19 19:00:00
robert.ryan573@example.com,Study Break,52,2025-08-20 19:00:00
robert.ryan573@example.com,Study Break,44,2025-08-22 19:00:00
robert.ryan573@example.com,Yoga,36,2025-08-23 19:00:00
robert.ryan573@example.com,Tennis,30,2025-08-25 19:00:00
robert.ryan573@example.com,Stretching,55,2025-08-26 19:00:00
robert.ryan573@example.com,Yoga,57,2025-08-30 19:00:00
robert.ryan573@example.com,Tennis,36,2025-09-07 19:00:00
robert.ryan573@example.com,Yoga,15,2025-09-11 19:00:00
robert.ryan573@example.com,Stretching,38,2025-09-14 19:00:00
robert.ryan573@example.com,Study Break,53,2025-09-15 19:00:00
robert.ryan573@example.com,Walk,38,2025-09-16 19:00:00
robert.ryan573@example.com,Yoga,45,2025-09-17 19:00:00
robert.ryan573@example.com,Tennis,44,2025-09-22 19:00:00
robert.ryan573@example.com,Cycling,31,2025-09-29 19:00:00
robert.ryan573@example.com,Run,34,2025-10-01 19:00:00
robert.ryan573@example.com,Run,47,2025-10-06 19:00:00
robert.ryan573@example.com,Cycling,37,2025-10-08 19:00:00
robert.ryan573@example.com,Stretching,31,2025-10-16 19:00:00
robert.ryan573@example.com,Gym,28,2025-10-17 19:00:00
robert.ryan573@example.com,Stretching,33,2025-10-18 19:00:00
robert.ryan573@example.com,Meditation,29,2025-10-21 19:00:00
robert.ryan573@example.com,Run,49,2025-10-24 19:00:00
bryan.williams977@example.com,Cycling,48,2025-07-27 19:00:00
bryan.williams977@example.com,Cycling,33,2025-07-29 19:00:00
bryan.williams977@example.com,Yoga,30,2025-07-30 19:00:00
bryan.williams977@example.com,Study Break,32,2025-08-02 19:00:00
bryan.williams977@example.com,Stretching,53,2025-08-04 19:00:00
bryan.williams977@example.com,Run,35,2025-08-07 19:00:00
bryan.williams977@example.com,Study Break,33,2025-08-08 19:00:00
bryan.williams977@example.com,Stretching,42,2025-08-09 19:00:00
bryan.williams977@example.com,Walk,47,2025-08-11 19:00:00
bryan.williams977@example.com,Run,33,2025-08-15 19:00:00
bryan.williams977@example.com,Run,59,2025-08-16 19:00:00
bryan.williams977@example.com,Meditation,43,2025-08-17 19:00:00
bryan.williams977@example.com,Cycling,27,2025-08-18 19:00:00
bryan.williams977@example.com,Yoga,47,2025-08-19 19:00:00
bryan.williams977@example.com,Gym,43,2025-08-21 19:00:00
bryan.williams977@example.com,Gym,24,2025-08-23 19:00:00
bryan.williams977@example.com,Gym,50,2025-08-24 19:00:00
bryan.williams977@example.com,Tennis,41,2025-08-25 19:00:00
bryan.williams977@example.com,Gym,41,2025-08-26 19:00:00
bryan.williams977@example.com,Run,10,2025-08-27 19:00:00
bryan.williams977@example.com,Walk,28,2025-08-28 19:00:00
bryan.williams977@example.com,Study Break,22,2025-08-29 19:00:00
bryan.williams977@example.com,Walk,10,2025-09-01 19:00:00
bryan.williams977@example.com,Tennis,37,2025-09-03 19:00:00
bryan.williams977@example.com,Study Break,19,2025-09-04 19:00:00
bryan.williams977@example.com,Cycling,30,2025-09-07 19:00:00
bryan.williams977@example.com,Gym,43,2025-09-08 19:00:00
bryan.williams977@example.com,Stretching,10,2025-09-09 19:00:00
bryan.williams977@example.com,Cycling,41,2025-09-11 19:00:00
bryan.williams977@example.com,Cycling,43,2025-09-12 19:00:00
bryan.williams977@example.com,Meditation,36,2025-09-17 19:00:00
bryan.williams977@example.com,Study Break,26,2025-09-18 19:00:00
bryan.williams977@example.com,Stretching,45,2025-09-22 19:00:00
bryan.williams977@example.com,Cycling,32,2025-09-24 19:00:00
bryan.williams977@example.com,Stretching,44,2025-09-25 19:00:00
bryan.williams977@example.com,Yoga,34,2025-10-01 19:00:00
bryan.williams977@example.com,Run,19,2025-10-02 19:00:00
bryan.williams977@example.com,Yoga,55,2025-10-03 19:00:00
bryan.williams977@example.com,Yoga,26,2025-10-04 19:00:00
bryan.williams977@example.com,Stretching,39,2025-10-09 19:00:00
bryan.williams977@example.com,Gym,42,2025-10-10 19:00:00
bryan.williams977@example.com,Run,25,2025-10-11 19:00:00
bryan.williams977@example.com,Meditation,31,2025-10-14 19:00:00
bryan.williams977@example.com,Tennis,41,2025-10-15 19:00:00
bryan.williams977@example.com,Meditation,20,2025-10-21 19:00:00
bryan.williams977@example.com,Walk,10,2025-10-22 19:00:00
rachel.duffy-griffiths549@example.com,Stretching,30,2025-07-28 19:00:00
rachel.duffy-griffiths549@example.com,Yoga,33,2025-07-29 19:00:00
rachel.duffy-griffiths549@example.com,Study Break,19,2025-07-31 19:00:00
rachel.duffy-griffiths549@example.com,Study Break,20,2025-08-01 19:00:00
rachel.duffy-griffiths549@example.com,Yoga,10,2025-08-03 19:00:00
rachel.duffy-griffiths549@example.com,Tennis,27,2025-08-04 19:00:00
rachel.duffy-griffiths549@example.com,Yoga,19,2025-08-06 19:00:00
rachel.duffy-griffiths549@example.com,Study Break,54,2025-08-09 19:00:00
rachel.duffy-griffiths549@example.com,Tennis,39,2025-08-11 19:00:00
rachel.duffy-griffiths549@example.com,Run,39,2025-08-13 19:00:00
rachel.duffy-griffiths549@example.com,Yoga,14,2025-08-15 19:00:00
rachel.duffy-griffiths549@example.com,Walk,34,2025-08-17 19:00:00
rachel.duffy-griffiths549@example.com,Meditation,25,2025-08-19 19:00:00
rachel.duffy-griffiths549@example.com,Yoga,32,2025-08-20 19:00:00
rachel.duffy-griffiths549@example.com,Stretching,46,2025-08-24 19:00:00
rachel.duffy-griffiths549@example.com,Walk,22,2025-08-25 19:00:00
rachel.duffy-griffiths549@example.com,Cycling,20,2025-08-26 19:00:00
rachel.duffy-griffiths549@example.com,Study Break,19,2025-09-01 19:00:00
rachel.duffy-griffiths549@example.com,Meditation,56,2025-09-05 19:00:00
rachel.duffy-griffiths549@example.com,Meditation,18,2025-09-09 19:00:00
rachel.duffy-griffiths549@example.com,Cycling,28,2025-09-10 19:00:00
rachel.duffy-griffiths549@example.com,Tennis,22,2025-09-11 19:00:00
rachel.duffy-griffiths549@example.com,Gym,13,2025-09-17 19:00:00
rachel.duffy-griffiths549@example.com,Walk,29,2025-09-18 19:00:00
rachel.duffy-griffiths549@example.com,Run,11,2025-09-19 19:00:00
rachel.duffy-griffiths549@example.com,Tennis,32,2025-09-23 19:00:00
rachel.duffy-griffiths549@example.com,Meditation,28,2025-09-25 19:00:00
rachel.duffy-griffiths549@example.com,Yoga,60,2025-09-30 19:00:00
rachel.duffy-griffiths549@example.com,Run,24,2025-10-02 19:00:00
rachel.duffy-griffiths549@example.com,Tennis,54,2025-10-03 19:00:00
rachel.duffy-griffiths549@example.com,Run,36,2025-10-04 19:00:00
rachel.duffy-griffiths549@example.com,Gym,53,2025-10-06 19:00:00
rachel.duffy-griffiths549@example.com,Tennis,46,2025-10-07 19:00:00
rachel.duffy-griffiths549@example.com,Stretching,41,2025-10-08 19:00:00
rachel.duffy-griffiths549@example.com,Cycling,28,2025-10-10 19:00:00
rachel.duffy-griffiths549@example.com,Meditation,26,2025-10-12 19:00:00
rachel.duffy-griffiths549@example.com,Tennis,19,2025-10-13 19:00:00
rachel.duffy-griffiths549@example.com,Yoga,57,2025-10-14 19:00:00
rachel.duffy-griffiths549@example.com,Walk,31,2025-10-15 19:00:00
rachel.duffy-griffiths549@example.com,Cycling,10,2025-10-16 19:00:00
rachel.duffy-griffiths549@example.com,Meditation,22,2025-10-21 19:00:00
rachel.duffy-griffiths549@example.com,Stretching,21,2025-10-22 19:00:00
rachel.duffy-griffiths549@example.com,Yoga,30,2025-10-23 19:00:00
aimee.cunningham433@example.com,Tennis,44,2025-08-06 19:00:00
aimee.cunningham433@example.com,Meditation,36,2025-08-08 19:00:00
aimee.cunningham433@example.com,Study Break,49,2025-08-09 19:00:00
aimee.cunningham433@example.com,Stretching,22,2025-08-11 19:00:00
aimee.cunningham433@example.com,Meditation,23,2025-08-13 19:00:00
aimee.cunningham433@example.com,Yoga,34,2025-08-16 19:00:00
aimee.cunningham433@example.com,Walk,10,2025-08-18 19:00:00
aimee.cunningham433@example.com,Stretching,37,2025-08-19 19:00:00
aimee.cunningham433@example.com,Tennis,11,2025-08-20 19:00:00
aimee.cunningham433@example.com,Cycling,35,2025-08-21 19:00:00
aimee.cunningham433@example.com,Gym,15,2025-08-22 19:00:00
aimee.cunningham433@example.com,Meditation,34,2025-08-25 19:00:00
aimee.cunningham433@example.com,Stretching,19,2025-08-26 19:00:00
aimee.cunningham433@example.com,Walk,27,2025-08-28 19:00:00
aimee.cunningham433@example.com,Stretching,47,2025-08-29 19:00:00
aimee.cunningham433@example.com,Cycling,65,2025-08-30 19:00:00
aimee.cunningham433@example.com,Walk,22,2025-08-31 19:00:00
aimee.cunningham433@example.com,Stretching,24,2025-09-01 19:00:00
aimee.cunningham433@example.com,Stretching,32,2025-09-03 19:00:00
aimee.cunningham433@example.com,Run,44,2025-09-08 19:00:00
aimee.cunningham433@example.com,Gym,14,2025-09-10 19:00:00
aimee.cunningham433@example.com,Cycling,40,2025-09-12 19:00:00
aimee.cunningham433@example.com,Stretching,37,2025-09-14 19:00:00
aimee.cunningham433@example.com,Tennis,16,2025-09-15 19:00:00
aimee.cunningham433@example.com,Gym,12,2025-09-16 19:00:00
aimee.cunningham433@example.com,Gym,25,2025-09-17 19:00:00
aimee.cunningham433@example.com,Stretching,59,2025-09-22 19:00:00
aimee.cunningham433@example.com,Study Break,46,2025-09-23 19:00:00
aimee.cunningham433@example.com,Meditation,30,2025-09-27 19:00:00
aimee.cunningham433@example.com,Yoga,16,2025-09-28 19:00:00
aimee.cunningham433@example.com,Run,43,2025-09-29 19:00:00
aimee.cunningham433@example.com,Tennis,12,2025-10-03 19:00:00
aimee.cunningham433@example.com,Study Break,34,2025-10-04 19:00:00
aimee.cunningham433@example.com,Cycling,21,2025-10-05 19:00:00
aimee.cunningham433@example.com,Study Break,27,2025-10-08 19:00:00
aimee.cunningham433@example.com,Meditation,23,2025-10-10 19:00:00
aimee.cunningham433@example.com,Stretching,11,2025-10-11 19:00:00
aimee.cunningham433@example.com,Cycling,37,2025-10-13 19:00:00
aimee.cunningham433@example.com,Tennis,72,2025-10-16 19:00:00
aimee.cunningham433@example.com,Yoga,41,2025-10-23 19:00:00
leanne.thompson-hicks504@example.com,Study Break,10,2025-07-28 19:00:00
leanne.thompson-hicks504@example.com,Cycling,33,2025-07-29 19:00:00
leanne.thompson-hicks504@example.com,Cycling,21,2025-07-31 19:00:00
leanne.thompson-hicks504@example.com,Meditation,29,2025-08-01 19:00:00
leanne.thompson-hicks504@example.com,Stretching,41,2025-08-03 19:00:00
leanne.thompson-hicks504@example.com,Gym,29,2025-08-06 19:00:00
leanne.thompson-hicks504@example.com,Meditation,22,2025-08-08 19:00:00
leanne.thompson-hicks504@example.com,Gym,31,2025-08-12 19:00:00
leanne.thompson-hicks504@example.com,Meditation,19,2025-08-13 19:00:00
leanne.thompson-hicks504@example.com,Yoga,41,2025-08-14 19:00:00
leanne.thompson-hicks504@example.com,Cycling,38,2025-08-15 19:00:00
leanne.thompson-hicks504@example.com,Walk,56,2025-08-16 19:00:00
leanne.thompson-hicks504@example.com,Cycling,34,2025-08-17 19:00:00
leanne.thompson-hicks504@example.com,Meditation,42,2025-08-18 19:00:00
leanne.thompson-hicks504@example.com,Run,34,2025-08-20 19:00:00
leanne.thompson-hicks504@example.com,Yoga,52,2025-08-21 19:00:00
leanne.thompson-hicks504@example.com,Stretching,22,2025-08-23 19:00:00
leanne.thompson-hicks504@example.com,Walk,39,2025-08-24 19:00:00
leanne.thompson-hicks504@example.com,Stretching,16,2025-08-25 19:00:00
leanne.thompson-hicks504@example.com,Walk,50,2025-08-27 19:00:00
leanne.thompson-hicks504@example.com,Tennis,46,2025-08-28 19:00:00
leanne.thompson-hicks504@example.com,Tennis,53,2025-08-29 19:00:00
leanne.thompson-hicks504@example.com,Run,26,2025-08-30 19:00:00
leanne.thompson-hicks504@example.com,Gym,30,2025-08-31 19:00:00
leanne.thompson-hicks504@example.com,Run,45,2025-09-02 19:00:00
leanne.thompson-hicks504@example.com,Walk,44,2025-09-03 19:00:00
leanne.thompson-hicks504@example.com,Yoga,14,2025-09-05 19:00:00
leanne.thompson-hicks504@example.com,Run,51,2025-09-07 19:00:00
leanne.thompson-hicks504@example.com,Walk,46,2025-09-08 19:00:00
leanne.thompson-hicks504@example.com,Yoga,50,2025-09-10 19:00:00
leanne.thompson-hicks504@example.com,Gym,61,2025-09-11 19:00:00
leanne.thompson-hicks504@example.com,Study Break,37,2025-09-12 19:00:00
leanne.thompson-hicks504@example.com,Walk,64,2025-09-13 19:00:00
leanne.thompson-hicks504@example.com,Meditation,37,2025-09-14 19:00:00
leanne.thompson-hicks504@example.com,Walk,24,2025-09-16 19:00:00
leanne.thompson-hicks504@example.com,Meditation,10,2025-09-17 19:00:00
leanne.thompson-hicks504@example.com,Stretching,66,2025-09-18 19:00:00
leanne.thompson-hicks504@example.com,Meditation,10,2025-09-19 19:00:00
leanne.thompson-hicks504@example.com,Run,47,2025-09-20 19:00:00
leanne.thompson-hicks504@example.com,Stretching,43,2025-09-21 19:00:00
leanne.thompson-hicks504@example.com,Yoga,50,2025-09-22 19:00:00
leanne.thompson-hicks504@example.com,Meditation,30,2025-09-23 19:00:00
leanne.thompson-hicks504@example.com,Meditation,15,2025-09-25 19:00:00
leanne.thompson-hicks504@example.com,Meditation,30,2025-09-26 19:00:00
leanne.thompson-hicks504@example.com,Yoga,20,2025-09-27 19:00:00
leanne.thompson-hicks504@example.com,Study Break,51,2025-09-28 19:00:00
leanne.thompson-hicks504@example.com,Tennis,43,2025-09-29 19:00:00
leanne.thompson-hicks504@example.com,Yoga,57,2025-09-30 19:00:00
leanne.thompson-hicks504@example.com,Gym,58,2025-10-01 19:00:00
leanne.thompson-hicks504@example.com,Cycling,53,2025-10-02 19:00:00
leanne.thompson-hicks504@example.com,Stretching,21,2025-10-03 19:00:00
leanne.thompson-hicks504@example.com,Cycling,28,2025-10-04 19:00:00
leanne.thompson-hicks504@example.com,Stretching,53,2025-10-05 19:00:00
leanne.thompson-hicks504@example.com,Walk,40,2025-10-06 19:00:00
leanne.thompson-hicks504@example.com,Walk,22,2025-10-07 19:00:00
leanne.thompson-hicks504@example.com,Walk,34,2025-10-14 19:00:00
leanne.thompson-hicks504@example.com,Run,37,2025-10-16 19:00:00
leanne.thompson-hicks504@example.com,Study Break,56,2025-10-17 19:00:00
leanne.thompson-hicks504@example.com,Study Break,37,2025-10-19 19:00:00
leanne.thompson-hicks504@example.com,Yoga,60,2025-10-20 19:00:00
leanne.thompson-hicks504@example.com,Gym,46,2025-10-22 19:00:00
leanne.thompson-hicks504@example.com,Tennis,24,2025-10-23 19:00:00
leanne.thompson-hicks504@example.com,Tennis,40,2025-10-25 19:00:00
dr.joshua.lewis304@example.com,Tennis,45,2025-07-27 19:00:00
dr.joshua.lewis304@example.com,Gym,35,2025-07-28 19:00:00
dr.joshua.lewis304@example.com,Yoga,40,2025-08-03 19:00:00
dr.joshua.lewis304@example.com,Gym,29,2025-08-04 19:00:00
dr.joshua.lewis304@example.com,Tennis,43,2025-08-05 19:00:00
dr.joshua.lewis304@example.com,Run,18,2025-08-10 19:00:00
dr.joshua.lewis304@example.com,Run,29,2025-08-12 19:00:00
dr.joshua.lewis304@example.com,Walk,10,2025-08-13 19:00:00
dr.joshua.lewis304@example.com,Tennis,51,2025-08-14 19:00:00
dr.joshua.lewis304@example.com,Walk,45,2025-08-15 19:00:00
dr.joshua.lewis304@example.com,Walk,42,2025-08-18 19:00:00
dr.joshua.lewis304@example.com,Gym,18,2025-08-21 19:00:00
dr.joshua.lewis304@example.com,Stretching,57,2025-08-22 19:00:00
dr.joshua.lewis304@example.com,Study Break,40,2025-08-23 19:00:00
dr.joshua.lewis304@example.com,Gym,25,2025-08-24 19:00:00
dr.joshua.lewis304@example.com,Walk,30,2025-08-27 19:00:00
dr.joshua.lewis304@example.com,Yoga,31,2025-08-31 19:00:00
dr.joshua.lewis304@example.com,Gym,29,2025-09-01 19:00:00
dr.joshua.lewis304@example.com,Study Break,26,2025-09-03 19:00:00
dr.joshua.lewis304@example.com,Gym,56,2025-09-04 19:00:00
dr.joshua.lewis304@example.com,Walk,37,2025-09-05 19:00:00
dr.joshua.lewis304@example.com,Tennis,45,2025-09-07 19:00:00
dr.joshua.lewis304@example.com,Yoga,56,2025-09-08 19:00:00
dr.joshua.lewis304@example.com,Stretching,28,2025-09-10 19:00:00
dr.joshua.lewis304@example.com,Meditation,34,2025-09-20 19:00:00
dr.joshua.lewis304@example.com,Cycling,32,2025-09-22 19:00:00
dr.joshua.lewis304@example.com,Run,37,2025-09-23 19:00:00
dr.joshua.lewis304@example.com,Tennis,37,2025-09-25 19:00:00
dr.joshua.lewis304@example.com,Gym,31,2025-09-26 19:00:00
dr.joshua.lewis304@example.com,Walk,53,2025-09-27 19:00:00
dr.joshua.lewis304@example.com,Gym,19,2025-10-01 19:00:00
dr.joshua.lewis304@example.com,Gym,54,2025-10-02 19:00:00
dr.joshua.lewis304@example.com,Cycling,43,2025-10-04 19:00:00
dr.joshua.lewis304@example.com,Tennis,24,2025-10-05 19:00:00
dr.joshua.lewis304@example.com,Study Break,36,2025-10-07 19:00:00
dr.joshua.lewis304@example.com,Yoga,41,2025-10-08 19:00:00
dr.joshua.lewis304@example.com,Cycling,45,2025-10-09 19:00:00
dr.joshua.lewis304@example.com,Stretching,10,2025-10-13 19:00:00
dr.joshua.lewis304@example.com,Meditation,19,2025-10-17 19:00:00
dr.joshua.lewis304@example.com,Gym,21,2025-10-20 19:00:00
dr.joshua.lewis304@example.com,Study Break,36,2025-10-21 19:00:00
dr.joshua.lewis304@example.com,Meditation,16,2025-10-22 19:00:00
dr.joshua.lewis304@example.com,Stretching,30,2025-10-23 19:00:00
dr.joshua.lewis304@example.com,Walk,48,2025-10-24 19:00:00
dr.joshua.lewis304@example.com,Study Break,38,2025-10-25 19:00:00
dr.edward.holmes248@example.com,Stretching,25,2025-07-30 19:00:00
dr.edward.holmes248@example.com,Yoga,33,2025-07-31 19:00:00
dr.edward.holmes248@example.com,Gym,40,2025-08-04 19:00:00
dr.edward.holmes248@example.com,Study Break,81,2025-08-06 19:00:00
dr.edward.holmes248@example.com,Stretching,44,2025-08-09 19:00:00
dr.edward.holmes248@example.com,Yoga,51,2025-08-10 19:00:00
dr.edward.holmes248@example.com,Walk,52,2025-08-11 19:00:00
dr.edward.holmes248@example.com,Run,32,2025-08-13 19:00:00
dr.edward.holmes248@example.com,Study Break,29,2025-08-15 19:00:00
dr.edward.holmes248@example.com,Meditation,15,2025-08-16 19:00:00
dr.edward.holmes248@example.com,Cycling,26,2025-08-17 19:00:00
dr.edward.holmes248@example.com,Cycling,67,2025-08-18 19:00:00
dr.edward.holmes248@example.com,Stretching,28,2025-08-19 19:00:00
dr.edward.holmes248@example.com,Walk,25,2025-08-21 19:00:00
dr.edward.holmes248@example.com,Stretching,50,2025-08-22 19:00:00
dr.edward.holmes248@example.com,Study Break,15,2025-08-23 19:00:00
dr.edward.holmes248@example.com,Cycling,51,2025-08-24 19:00:00
dr.edward.holmes248@example.com,Tennis,54,2025-08-25 19:00:00
dr.edward.holmes248@example.com,Yoga,34,2025-08-27 19:00:00
dr.edward.holmes248@example.com,Walk,29,2025-08-29 19:00:00
dr.edward.holmes248@example.com,Meditation,32,2025-08-31 19:00:00
dr.edward.holmes248@example.com,Cycling,34,2025-09-02 19:00:00
dr.edward.holmes248@example.com,Gym,39,2025-09-03 19:00:00
dr.edward.holmes248@example.com,Study Break,42,2025-09-13 19:00:00
dr.edward.holmes248@example.com,Study Break,25,2025-09-18 19:00:00
dr.edward.holmes248@example.com,Walk,48,2025-09-21 19:00:00
dr.edward.holmes248@example.com,Cycling,44,2025-09-26 19:00:00
dr.edward.holmes248@example.com,Meditation,28,2025-10-05 19:00:00
dr.edward.holmes248@example.com,Gym,27,2025-10-14 19:00:00
dr.edward.holmes248@example.com,Gym,17,2025-10-16 19:00:00
dr.edward.holmes248@example.com,Stretching,27,2025-10-20 19:00:00
dr.edward.holmes248@example.com,Meditation,10,2025-10-21 19:00:00
dr.edward.holmes248@example.com,Stretching,57,2025-10-23 19:00:00
dr.edward.holmes248@example.com,Yoga,10,2025-10-25 19:00:00
yvonne.gibbons781@example.com,Meditation,17,2025-07-30 19:00:00
yvonne.gibbons781@example.com,Cycling,21,2025-07-31 19:00:00
yvonne.gibbons781@example.com,Gym,29,2025-08-01 19:00:00
yvonne.gibbons781@example.com,Yoga,36,2025-08-02 19:00:00
yvonne.gibbons781@example.com,Meditation,38,2025-08-03 19:00:00
yvonne.gibbons781@example.com,Yoga,35,2025-08-06 19:00:00
yvonne.gibbons781@example.com,Walk,31,2025-08-07 19:00:00
yvonne.gibbons781@example.com,Tennis,17,2025-08-08 19:00:00
yvonne.gibbons781@example.com,Run,62,2025-08-12 19:00:00
yvonne.gibbons781@example.com,Yoga,39,2025-08-15 19:00:00
yvonne.gibbons781@example.com,Gym,23,2025-08-16 19:00:00
yvonne.gibbons781@example.com,Yoga,47,2025-08-17 19:00:00
yvonne.gibbons781@example.com,Gym,37,2025-08-20 19:00:00
yvonne.gibbons781@example.com,Walk,33,2025-08-22 19:00:00
yvonne.gibbons781@example.com,Cycling,44,2025-08-23 19:00:00
yvonne.gibbons781@example.com,Gym,57,2025-08-24 19:00:00
yvonne.gibbons781@example.com,Stretching,43,2025-08-26 19:00:00
yvonne.gibbons781@example.com,Yoga,27,2025-08-27 19:00:00
yvonne.gibbons781@example.com,Meditation,49,2025-08-30 19:00:00
yvonne.gibbons781@example.com,Cycling,34,2025-09-01 19:00:00
yvonne.gibbons781@example.com,Run,41,2025-09-03 19:00:00
yvonne.gibbons781@example.com,Study Break,10,2025-09-04 19:00:00
yvonne.gibbons781@example.com,Meditation,46,2025-09-06 19:00:00
yvonne.gibbons781@example.com,Stretching,40,2025-09-07 19:00:00
yvonne.gibbons781@example.com,Meditation,41,2025-09-08 19:00:00
yvonne.gibbons781@example.com,Yoga,10,2025-09-09 19:00:00
yvonne.gibbons781@example.com,Yoga,49,2025-09-12 19:00:00
yvonne.gibbons781@example.com,Stretching,14,2025-09-14 19:00:00
yvonne.gibbons781@example.com,Stretching,42,2025-09-15 19:00:00
yvonne.gibbons781@example.com,Study Break,54,2025-09-16 19:00:00
yvonne.gibbons781@example.com,Yoga,49,2025-09-17 19:00:00
yvonne.gibbons781@example.com,Yoga,29,2025-09-21 19:00:00
yvonne.gibbons781@example.com,Gym,15,2025-09-22 19:00:00
yvonne.gibbons781@example.com,Run,26,2025-09-24 19:00:00
yvonne.gibbons781@example.com,Meditation,10,2025-09-25 19:00:00
yvonne.gibbons781@example.com,Run,10,2025-09-26 19:00:00
yvonne.gibbons781@example.com,Yoga,19,2025-09-28 19:00:00
yvonne.gibbons781@example.com,Walk,52,2025-10-01 19:00:00
yvonne.gibbons781@example.com,Tennis,47,2025-10-02 19:00:00
yvonne.gibbons781@example.com,Stretching,10,2025-10-04 19:00:00
yvonne.gibbons781@example.com,Stretching,29,2025-10-05 19:00:00
yvonne.gibbons781@example.com,Yoga,43,2025-10-09 19:00:00
yvonne.gibbons781@example.com,Study Break,67,2025-10-18 19:00:00
yvonne.gibbons781@example.com,Run,37,2025-10-20 19:00:00
yvonne.gibbons781@example.com,Gym,36,2025-10-21 19:00:00
yvonne.gibbons781@example.com,Gym,21,2025-10-23 19:00:00
oliver.owen783@example.com,Cycling,32,2025-07-29 19:00:00
oliver.owen783@example.com,Tennis,46,2025-07-30 19:00:00
oliver.owen783@example.com,Cycling,27,2025-07-31 19:00:00
oliver.owen783@example.com,Tennis,23,2025-08-01 19:00:00
oliver.owen783@example.com,Run,20,2025-08-06 19:00:00
oliver.owen783@example.com,Gym,12,2025-08-07 19:00:00
oliver.owen783@example.com,Study Break,50,2025-08-08 19:00:00
oliver.owen783@example.com,Run,66,2025-08-12 19:00:00
oliver.owen783@example.com,Tennis,38,2025-08-13 19:00:00
oliver.owen783@example.com,Yoga,15,2025-08-14 19:00:00
oliver.owen783@example.com,Yoga,17,2025-08-15 19:00:00
oliver.owen783@example.com,Cycling,49,2025-08-16 19:00:00
oliver.owen783@example.com,Gym,10,2025-08-17 19:00:00
oliver.owen783@example.com,Tennis,11,2025-08-19 19:00:00
oliver.owen783@example.com,Study Break,70,2025-08-20 19:00:00
oliver.owen783@example.com,Gym,10,2025-08-21 19:00:00
oliver.owen783@example.com,Meditation,31,2025-08-23 19:00:00
oliver.owen783@example.com,Stretching,42,2025-08-25 19:00:00
oliver.owen783@example.com,Yoga,36,2025-08-26 19:00:00
oliver.owen783@example.com,Cycling,42,2025-08-28 19:00:00
oliver.owen783@example.com,Gym,42,2025-08-29 19:00:00
oliver.owen783@example.com,Tennis,50,2025-09-04 19:00:00
oliver.owen783@example.com,Tennis,47,2025-09-06 19:00:00
oliver.owen783@example.com,Yoga,57,2025-09-09 19:00:00
oliver.owen783@example.com,Tennis,50,2025-09-10 19:00:00
oliver.owen783@example.com,Run,42,2025-09-11 19:00:00
oliver.owen783@example.com,Cycling,12,2025-09-15 19:00:00
oliver.owen783@example.com,Tennis,47,2025-09-17 19:00:00
oliver.owen783@example.com,Walk,24,2025-09-18 19:00:00
oliver.owen783@example.com,Yoga,65,2025-09-22 19:00:00
oliver.owen783@example.com,Walk,23,2025-09-23 19:00:00
oliver.owen783@example.com,Run,51,2025-09-24 19:00:00
oliver.owen783@example.com,Cycling,31,2025-09-25 19:00:00
oliver.owen783@example.com,Walk,63,2025-09-26 19:00:00
oliver.owen783@example.com,Yoga,44,2025-09-27 19:00:00
oliver.owen783@example.com,Run,50,2025-09-29 19:00:00
oliver.owen783@example.com,Yoga,30,2025-09-30 19:00:00
oliver.owen783@example.com,Walk,53,2025-10-01 19:00:00
oliver.owen783@example.com,Walk,34,2025-10-02 19:00:00
oliver.owen783@example.com,Tennis,59,2025-10-04 19:00:00
oliver.owen783@example.com,Yoga,46,2025-10-06 19:00:00
oliver.owen783@example.com,Stretching,42,2025-10-09 19:00:00
oliver.owen783@example.com,Study Break,22,2025-10-11 19:00:00
oliver.owen783@example.com,Study Break,21,2025-10-12 19:00:00
oliver.owen783@example.com,Meditation,10,2025-10-13 19:00:00
oliver.owen783@example.com,Meditation,36,2025-10-15 19:00:00
oliver.owen783@example.com,Gym,24,2025-10-17 19:00:00
oliver.owen783@example.com,Yoga,54,2025-10-21 19:00:00
oliver.owen783@example.com,Yoga,20,2025-10-22 19:00:00
oliver.owen783@example.com,Study Break,23,2025-10-23 19:00:00
oliver.owen783@example.com,Tennis,34,2025-10-25 19:00:00
kevin.smith274@example.com,Cycling,10,2025-07-29 19:00:00
kevin.smith274@example.com,Run,37,2025-07-30 19:00:00
kevin.smith274@example.com,Walk,23,2025-08-01 19:00:00
kevin.smith274@example.com,Gym,30,2025-08-03 19:00:00
kevin.smith274@example.com,Run,49,2025-08-05 19:00:00
kevin.smith274@example.com,Cycling,53,2025-08-06 19:00:00
kevin.smith274@example.com,Cycling,29,2025-08-08 19:00:00
kevin.smith274@example.com,Stretching,37,2025-08-09 19:00:00
kevin.smith274@example.com,Cycling,27,2025-08-10 19:00:00
kevin.smith274@example.com,Run,31,2025-08-11 19:00:00
kevin.smith274@example.com,Cycling,34,2025-08-13 19:00:00
kevin.smith274@example.com,Cycling,64,2025-08-14 19:00:00
kevin.smith274@example.com,Gym,24,2025-08-15 19:00:00
kevin.smith274@example.com,Gym,19,2025-08-16 19:00:00
kevin.smith274@example.com,Yoga,33,2025-08-17 19:00:00
kevin.smith274@example.com,Cycling,50,2025-08-18 19:00:00
kevin.smith274@example.com,Stretching,15,2025-08-20 19:00:00
kevin.smith274@example.com,Yoga,49,2025-08-21 19:00:00
kevin.smith274@example.com,Stretching,50,2025-08-22 19:00:00
kevin.smith274@example.com,Cycling,45,2025-08-23 19:00:00
kevin.smith274@example.com,Gym,30,2025-08-24 19:00:00
kevin.smith274@example.com,Gym,23,2025-08-25 19:00:00
kevin.smith274@example.com,Cycling,17,2025-08-26 19:00:00
kevin.smith274@example.com,Stretching,30,2025-08-27 19:00:00
kevin.smith274@example.com,Cycling,45,2025-08-29 19:00:00
kevin.smith274@example.com,Stretching,28,2025-08-30 19:00:00
kevin.smith274@example.com,Run,45,2025-08-31 19:00:00
kevin.smith274@example.com,Walk,46,2025-09-01 19:00:00
kevin.smith274@example.com,Yoga,32,2025-09-03 19:00:00
kevin.smith274@example.com,Gym,42,2025-09-04 19:00:00
kevin.smith274@example.com,Study Break,33,2025-09-05 19:00:00
kevin.smith274@example.com,Cycling,55,2025-09-06 19:00:00
kevin.smith274@example.com,Meditation,38,2025-09-08 19:00:00
kevin.smith274@example.com,Yoga,35,2025-09-09 19:00:00
kevin.smith274@example.com,Yoga,28,2025-09-13 19:00:00
kevin.smith274@example.com,Gym,43,2025-09-16 19:00:00
kevin.smith274@example.com,Stretching,20,2025-09-17 19:00:00
kevin.smith274@example.com,Walk,13,2025-09-18 19:00:00
kevin.smith274@example.com,Stretching,43,2025-09-20 19:00:00
kevin.smith274@example.com,Stretching,48,2025-09-21 19:00:00
kevin.smith274@example.com,Yoga,16,2025-09-23 19:00:00
kevin.smith274@example.com,Yoga,26,2025-09-24 19:00:00
kevin.smith274@example.com,Stretching,28,2025-09-26 19:00:00
kevin.smith274@example.com,Gym,31,2025-09-27 19:00:00
kevin.smith274@example.com,Cycling,33,2025-09-28 19:00:00
kevin.smith274@example.com,Yoga,10,2025-09-30 19:00:00
kevin.smith274@example.com,Gym,27,2025-10-01 19:00:00
kevin.smith274@example.com,Stretching,33,2025-10-04 19:00:00
kevin.smith274@example.com,Run,49,2025-10-07 19:00:00
kevin.smith274@example.com,Gym,51,2025-10-08 19:00:00
kevin.smith274@example.com,Stretching,31,2025-10-09 19:00:00
kevin.smith274@example.com,Cycling,34,2025-10-11 19:00:00
kevin.smith274@example.com,Walk,20,2025-10-12 19:00:00
kevin.smith274@example.com,Cycling,39,2025-10-13 19:00:00
kevin.smith274@example.com,Meditation,32,2025-10-14 19:00:00
kevin.smith274@example.com,Stretching,43,2025-10-15 19:00:00
kevin.smith274@example.com,Tennis,34,2025-10-17 19:00:00
kevin.smith274@example.com,Gym,80,2025-10-18 19:00:00
kevin.smith274@example.com,Yoga,10,2025-10-19 19:00:00
kevin.smith274@example.com,Stretching,16,2025-10-20 19:00:00
kevin.smith274@example.com,Stretching,26,2025-10-21 19:00:00
kevin.smith274@example.com,Meditation,38,2025-10-23 19:00:00
kevin.smith274@example.com,Run,42,2025-10-24 19:00:00
kevin.smith274@example.com,Meditation,32,2025-10-25 19:00:00
alan.moore929@example.com,Tennis,31,2025-07-29 19:00:00
alan.moore929@example.com,Stretching,17,2025-07-30 19:00:00
alan.moore929@example.com,Gym,17,2025-07-31 19:00:00
alan.moore929@example.com,Gym,10,2025-08-02 19:00:00
alan.moore929@example.com,Gym,28,2025-08-03 19:00:00
alan.moore929@example.com,Study Break,40,2025-08-04 19:00:00
alan.moore929@example.com,Gym,18,2025-08-07 19:00:00
alan.moore929@example.com,Cycling,45,2025-08-12 19:00:00
alan.moore929@example.com,Tennis,34,2025-08-13 19:00:00
alan.moore929@example.com,Meditation,20,2025-08-14 19:00:00
alan.moore929@example.com,Yoga,42,2025-08-15 19:00:00
alan.moore929@example.com,Yoga,48,2025-08-17 19:00:00
alan.moore929@example.com,Yoga,37,2025-08-18 19:00:00
alan.moore929@example.com,Gym,21,2025-08-22 19:00:00
alan.moore929@example.com,Cycling,53,2025-08-23 19:00:00
alan.moore929@example.com,Walk,18,2025-08-26 19:00:00
alan.moore929@example.com,Study Break,18,2025-08-27 19:00:00
alan.moore929@example.com,Tennis,47,2025-08-28 19:00:00
alan.moore929@example.com,Cycling,62,2025-08-29 19:00:00
alan.moore929@example.com,Run,43,2025-08-30 19:00:00
alan.moore929@example.com,Run,53,2025-08-31 19:00:00
alan.moore929@example.com,Gym,43,2025-09-02 19:00:00
alan.moore929@example.com,Meditation,35,2025-09-03 19:00:00
alan.moore929@example.com,Tennis,41,2025-09-04 19:00:00
alan.moore929@example.com,Run,34,2025-09-05 19:00:00
alan.moore929@example.com,Study Break,18,2025-09-07 19:00:00
alan.moore929@example.com,Walk,25,2025-09-08 19:00:00
alan.moore929@example.com,Stretching,62,2025-09-09 19:00:00
alan.moore929@example.com,Meditation,15,2025-09-10 19:00:00
alan.moore929@example.com,Meditation,16,2025-09-13 19:00:00
alan.moore929@example.com,Cycling,33,2025-09-14 19:00:00
alan.moore929@example.com,Yoga,28,2025-09-15 19:00:00
alan.moore929@example.com,Study Break,18,2025-09-18 19:00:00
alan.moore929@example.com,Walk,30,2025-09-20 19:00:00
alan.moore929@example.com,Cycling,72,2025-09-21 19:00:00
alan.moore929@example.com,Meditation,40,2025-09-22 19:00:00
alan.moore929@example.com,Walk,20,2025-09-24 19:00:00
alan.moore929@example.com,Cycling,25,2025-09-25 19:00:00
alan.moore929@example.com,Gym,54,2025-09-26 19:00:00
alan.moore929@example.com,Cycling,10,2025-09-27 19:00:00
alan.moore929@example.com,Tennis,37,2025-09-29 19:00:00
alan.moore929@example.com,Walk,27,2025-09-30 19:00:00
alan.moore929@example.com,Walk,10,2025-10-01 19:00:00
alan.moore929@example.com,Yoga,23,2025-10-02 19:00:00
alan.moore929@example.com,Stretching,37,2025-10-03 19:00:00
alan.moore929@example.com,Stretching,54,2025-10-05 19:00:00
alan.moore929@example.com,Gym,36,2025-10-06 19:00:00
alan.moore929@example.com,Gym,29,2025-10-07 19:00:00
alan.moore929@example.com,Gym,21,2025-10-08 19:00:00
alan.moore929@example.com,Meditation,20,2025-10-09 19:00:00
alan.moore929@example.com,Yoga,35,2025-10-11 19:00:00
alan.moore929@example.com,Study Break,37,2025-10-14 19:00:00
alan.moore929@example.com,Stretching,33,2025-10-16 19:00:00
alan.moore929@example.com,Walk,31,2025-10-18 19:00:00
alan.moore929@example.com,Run,46,2025-10-19 19:00:00
alan.moore929@example.com,Study Break,38,2025-10-21 19:00:00
alan.moore929@example.com,Run,10,2025-10-22 19:00:00
alan.moore929@example.com,Walk,24,2025-10-25 19:00:00
amelia.pearce769@example.com,Run,17,2025-07-29 19:00:00
amelia.pearce769@example.com,Study Break,45,2025-07-30 19:00:00
amelia.pearce769@example.com,Study Break,36,2025-08-01 19:00:00
amelia.pearce769@example.com,Tennis,46,2025-08-04 19:00:00
amelia.pearce769@example.com,Meditation,10,2025-08-06 19:00:00
amelia.pearce769@example.com,Cycling,47,2025-08-07 19:00:00
amelia.pearce769@example.com,Gym,25,2025-08-10 19:00:00
amelia.pearce769@example.com,Meditation,49,2025-08-11 19:00:00
amelia.pearce769@example.com,Meditation,31,2025-08-12 19:00:00
amelia.pearce769@example.com,Walk,36,2025-08-14 19:00:00
amelia.pearce769@example.com,Walk,46,2025-08-16 19:00:00
amelia.pearce769@example.com,Cycling,54,2025-08-21 19:00:00
amelia.pearce769@example.com,Yoga,37,2025-08-23 19:00:00
amelia.pearce769@example.com,Tennis,13,2025-08-24 19:00:00
amelia.pearce769@example.com,Gym,31,2025-08-25 19:00:00
amelia.pearce769@example.com,Run,10,2025-08-26 19:00:00
amelia.pearce769@example.com,Stretching,37,2025-08-29 19:00:00
amelia.pearce769@example.com,Run,62,2025-08-30 19:00:00
amelia.pearce769@example.com,Tennis,15,2025-09-01 19:00:00
amelia.pearce769@example.com,Run,44,2025-09-02 19:00:00
amelia.pearce769@example.com,Tennis,32,2025-09-04 19:00:00
amelia.pearce769@example.com,Tennis,12,2025-09-07 19:00:00
amelia.pearce769@example.com,Tennis,11,2025-09-08 19:00:00
amelia.pearce769@example.com,Study Break,41,2025-09-09 19:00:00
amelia.pearce769@example.com,Yoga,34,2025-09-10 19:00:00
amelia.pearce769@example.com,Tennis,51,2025-09-12 19:00:00
amelia.pearce769@example.com,Stretching,32,2025-09-15 19:00:00
amelia.pearce769@example.com,Study Break,59,2025-09-17 19:00:00
amelia.pearce769@example.com,Tennis,24,2025-09-18 19:00:00
amelia.pearce769@example.com,Stretching,31,2025-09-19 19:00:00
amelia.pearce769@example.com,Yoga,40,2025-09-20 19:00:00
amelia.pearce769@example.com,Walk,31,2025-09-22 19:00:00
amelia.pearce769@example.com,Gym,31,2025-09-23 19:00:00
amelia.pearce769@example.com,Stretching,33,2025-09-25 19:00:00
amelia.pearce769@example.com,Meditation,52,2025-09-26 19:00:00
amelia.pearce769@example.com,Yoga,10,2025-09-27 19:00:00
amelia.pearce769@example.com,Cycling,54,2025-09-28 19:00:00
amelia.pearce769@example.com,Study Break,21,2025-09-29 19:00:00
amelia.pearce769@example.com,Study Break,34,2025-09-30 19:00:00
amelia.pearce769@example.com,Meditation,36,2025-10-02 19:00:00
amelia.pearce769@example.com,Run,26,2025-10-03 19:00:00
amelia.pearce769@example.com,Tennis,24,2025-10-04 19:00:00
amelia.pearce769@example.com,Run,40,2025-10-05 19:00:00
amelia.pearce769@example.com,Yoga,39,2025-10-06 19:00:00
amelia.pearce769@example.com,Tennis,23,2025-10-07 19:00:00
amelia.pearce769@example.com,Run,10,2025-10-08 19:00:00
amelia.pearce769@example.com,Cycling,36,2025-10-09 19:00:00
amelia.pearce769@example.com,Meditation,56,2025-10-12 19:00:00
amelia.pearce769@example.com,Walk,28,2025-10-13 19:00:00
amelia.pearce769@example.com,Tennis,26,2025-10-15 19:00:00
amelia.pearce769@example.com,Gym,34,2025-10-16 19:00:00
amelia.pearce769@example.com,Yoga,18,2025-10-18 19:00:00
amelia.pearce769@example.com,Meditation,52,2025-10-20 19:00:00
amelia.pearce769@example.com,Study Break,32,2025-10-21 19:00:00
amelia.pearce769@example.com,Walk,44,2025-10-22 19:00:00
amelia.pearce769@example.com,Stretching,37,2025-10-23 19:00:00
amelia.pearce769@example.com,Cycling,36,2025-10-24 19:00:00
jean.taylor815@example.com,Walk,22,2025-07-28 19:00:00
jean.taylor815@example.com,Tennis,17,2025-07-30 19:00:00
jean.taylor815@example.com,Meditation,30,2025-07-31 19:00:00
jean.taylor815@example.com,Meditation,42,2025-08-01 19:00:00
jean.taylor815@example.com,Gym,36,2025-08-07 19:00:00
jean.taylor815@example.com,Study Break,19,2025-08-09 19:00:00
jean.taylor815@example.com,Stretching,16,2025-08-10 19:00:00
jean.taylor815@example.com,Walk,10,2025-08-11 19:00:00
jean.taylor815@example.com,Cycling,29,2025-08-13 19:00:00
jean.taylor815@example.com,Cycling,26,2025-08-17 19:00:00
jean.taylor815@example.com,Tennis,26,2025-08-19 19:00:00
jean.taylor815@example.com,Run,16,2025-08-27 19:00:00
jean.taylor815@example.com,Study Break,22,2025-08-28 19:00:00
jean.taylor815@example.com,Meditation,19,2025-08-30 19:00:00
jean.taylor815@example.com,Yoga,48,2025-09-04 19:00:00
jean.taylor815@example.com,Tennis,31,2025-09-06 19:00:00
jean.taylor815@example.com,Walk,10,2025-09-10 19:00:00
jean.taylor815@example.com,Cycling,53,2025-09-19 19:00:00
jean.taylor815@example.com,Walk,51,2025-09-26 19:00:00
jean.taylor815@example.com,Yoga,44,2025-10-03 19:00:00
jean.taylor815@example.com,Stretching,62,2025-10-04 19:00:00
jean.taylor815@example.com,Run,33,2025-10-07 19:00:00
jean.taylor815@example.com,Run,37,2025-10-09 19:00:00
jean.taylor815@example.com,Walk,30,2025-10-13 19:00:00
jean.taylor815@example.com,Study Break,49,2025-10-15 19:00:00
jean.taylor815@example.com,Meditation,24,2025-10-22 19:00:00
jean.taylor815@example.com,Study Break,45,2025-10-23 19:00:00
jean.taylor815@example.com,Tennis,63,2025-10-24 19:00:00
simon.archer-taylor270@example.com,Tennis,48,2025-07-28 19:00:00
simon.archer-taylor270@example.com,Meditation,37,2025-07-29 19:00:00
simon.archer-taylor270@example.com,Yoga,29,2025-07-31 19:00:00
simon.archer-taylor270@example.com,Study Break,54,2025-08-01 19:00:00
simon.archer-taylor270@example.com,Yoga,39,2025-08-02 19:00:00
simon.archer-taylor270@example.com,Walk,48,2025-08-03 19:00:00
simon.archer-taylor270@example.com,Meditation,46,2025-08-05 19:00:00
simon.archer-taylor270@example.com,Cycling,31,2025-08-06 19:00:00
simon.archer-taylor270@example.com,Yoga,27,2025-08-07 19:00:00
simon.archer-taylor270@example.com,Walk,35,2025-08-08 19:00:00
simon.archer-taylor270@example.com,Gym,30,2025-08-09 19:00:00
simon.archer-taylor270@example.com,Stretching,36,2025-08-10 19:00:00
simon.archer-taylor270@example.com,Run,10,2025-08-11 19:00:00
simon.archer-taylor270@example.com,Cycling,29,2025-08-12 19:00:00
simon.archer-taylor270@example.com,Run,24,2025-08-14 19:00:00
simon.archer-taylor270@example.com,Meditation,31,2025-08-17 19:00:00
simon.archer-taylor270@example.com,Tennis,28,2025-08-18 19:00:00
simon.archer-taylor270@example.com,Walk,27,2025-08-19 19:00:00
simon.archer-taylor270@example.com,Run,25,2025-08-20 19:00:00
simon.archer-taylor270@example.com,Cycling,47,2025-08-21 19:00:00
simon.archer-taylor270@example.com,Run,36,2025-08-25 19:00:00
simon.archer-taylor270@example.com,Meditation,41,2025-08-26 19:00:00
simon.archer-taylor270@example.com,Stretching,37,2025-08-29 19:00:00
simon.archer-taylor270@example.com,Meditation,30,2025-08-30 19:00:00
simon.archer-taylor270@example.com,Study Break,10,2025-09-01 19:00:00
simon.archer-taylor270@example.com,Run,33,2025-09-02 19:00:00
simon.archer-taylor270@example.com,Run,24,2025-09-03 19:00:00
simon.archer-taylor270@example.com,Cycling,39,2025-09-05 19:00:00
simon.archer-taylor270@example.com,Study Break,40,2025-09-06 19:00:00
simon.archer-taylor270@example.com,Tennis,43,2025-09-07 19:00:00
simon.archer-taylor270@example.com,Cycling,74,2025-09-08 19:00:00
simon.archer-taylor270@example.com,Yoga,34,2025-09-11 19:00:00
simon.archer-taylor270@example.com,Cycling,37,2025-09-14 19:00:00
simon.archer-taylor270@example.com,Meditation,14,2025-09-16 19:00:00
simon.archer-taylor270@example.com,Cycling,53,2025-09-18 19:00:00
simon.archer-taylor270@example.com,Study Break,21,2025-09-19 19:00:00
simon.archer-taylor270@example.com,Meditation,34,2025-09-21 19:00:00
simon.archer-taylor270@example.com,Gym,17,2025-09-22 19:00:00
simon.archer-taylor270@example.com,Study Break,47,2025-09-24 19:00:00
simon.archer-taylor270@example.com,Cycling,46,2025-09-25 19:00:00
simon.archer-taylor270@example.com,Cycling,63,2025-09-26 19:00:00
simon.archer-taylor270@example.com,Meditation,61,2025-09-29 19:00:00
simon.archer-taylor270@example.com,Tennis,11,2025-10-03 19:00:00
simon.archer-taylor270@example.com,Gym,40,2025-10-05 19:00:00
simon.archer-taylor270@example.com,Gym,39,2025-10-08 19:00:00
simon.archer-taylor270@example.com,Meditation,55,2025-10-13 19:00:00
simon.archer-taylor270@example.com,Tennis,58,2025-10-16 19:00:00
simon.archer-taylor270@example.com,Gym,28,2025-10-17 19:00:00
simon.archer-taylor270@example.com,Cycling,27,2025-10-18 19:00:00
simon.archer-taylor270@example.com,Study Break,25,2025-10-21 19:00:00
simon.archer-taylor270@example.com,Meditation,37,2025-10-22 19:00:00
simon.archer-taylor270@example.com,Gym,72,2025-10-24 19:00:00
simon.archer-taylor270@example.com,Walk,69,2025-10-25 19:00:00
vanessa.parker945@example.com,Study Break,19,2025-07-31 19:00:00
vanessa.parker945@example.com,Study Break,15,2025-08-02 19:00:00
vanessa.parker945@example.com,Stretching,18,2025-08-04 19:00:00
vanessa.parker945@example.com,Meditation,34,2025-08-09 19:00:00
vanessa.parker945@example.com,Walk,62,2025-08-10 19:00:00
vanessa.parker945@example.com,Gym,56,2025-08-11 19:00:00
vanessa.parker945@example.com,Study Break,18,2025-08-12 19:00:00
vanessa.parker945@example.com,Walk,36,2025-08-16 19:00:00
vanessa.parker945@example.com,Meditation,10,2025-08-18 19:00:00
vanessa.parker945@example.com,Gym,36,2025-08-19 19:00:00
vanessa.parker945@example.com,Gym,46,2025-08-20 19:00:00
vanessa.parker945@example.com,Tennis,41,2025-08-21 19:00:00
vanessa.parker945@example.com,Stretching,21,2025-08-22 19:00:00
vanessa.parker945@example.com,Run,35,2025-08-24 19:00:00
vanessa.parker945@example.com,Tennis,45,2025-08-26 19:00:00
vanessa.parker945@example.com,Cycling,52,2025-08-27 19:00:00
vanessa.parker945@example.com,Run,29,2025-08-31 19:00:00
vanessa.parker945@example.com,Gym,24,2025-09-01 19:00:00
vanessa.parker945@example.com,Gym,29,2025-09-05 19:00:00
vanessa.parker945@example.com,Meditation,20,2025-09-06 19:00:00
vanessa.parker945@example.com,Walk,40,2025-09-07 19:00:00
vanessa.parker945@example.com,Cycling,30,2025-09-08 19:00:00
vanessa.parker945@example.com,Study Break,14,2025-09-10 19:00:00
vanessa.parker945@example.com,Meditation,21,2025-09-11 19:00:00
vanessa.parker945@example.com,Tennis,32,2025-09-13 19:00:00
vanessa.parker945@example.com,Run,37,2025-09-14 19:00:00
vanessa.parker945@example.com,Tennis,50,2025-09-15 19:00:00
vanessa.parker945@example.com,Tennis,47,2025-09-21 19:00:00
vanessa.parker945@example.com,Yoga,20,2025-09-22 19:00:00
vanessa.parker945@example.com,Cycling,14,2025-09-23 19:00:00
vanessa.parker945@example.com,Run,32,2025-09-24 19:00:00
vanessa.parker945@example.com,Meditation,40,2025-09-27 19:00:00
vanessa.parker945@example.com,Stretching,22,2025-09-29 19:00:00
vanessa.parker945@example.com,Stretching,50,2025-09-30 19:00:00
vanessa.parker945@example.com,Study Break,31,2025-10-01 19:00:00
vanessa.parker945@example.com,Cycling,21,2025-10-02 19:00:00
vanessa.parker945@example.com,Gym,50,2025-10-08 19:00:00
vanessa.parker945@example.com,Walk,44,2025-10-10 19:00:00
vanessa.parker945@example.com,Run,17,2025-10-14 19:00:00
vanessa.parker945@example.com,Study Break,23,2025-10-17 19:00:00
vanessa.parker945@example.com,Run,36,2025-10-18 19:00:00
vanessa.parker945@example.com,Tennis,47,2025-10-20 19:00:00
vanessa.parker945@example.com,Stretching,17,2025-10-21 19:00:00
vanessa.parker945@example.com,Stretching,21,2025-10-22 19:00:00
vanessa.parker945@example.com,Stretching,44,2025-10-23 19:00:00
vanessa.parker945@example.com,Cycling,41,2025-10-24 19:00:00
vincent.oconnor-robertson492@example.com,Walk,10,2025-07-29 19:00:00
vincent.oconnor-robertson492@example.com,Tennis,20,2025-07-30 19:00:00
vincent.oconnor-robertson492@example.com,Meditation,35,2025-07-31 19:00:00
vincent.oconnor-robertson492@example.com,Cycling,42,2025-08-02 19:00:00
vincent.oconnor-robertson492@example.com,Cycling,17,2025-08-04 19:00:00
vincent.oconnor-robertson492@example.com,Study Break,50,2025-08-05 19:00:00
vincent.oconnor-robertson492@example.com,Run,34,2025-08-06 19:00:00
vincent.oconnor-robertson492@example.com,Run,10,2025-08-18 19:00:00
vincent.oconnor-robertson492@example.com,Tennis,33,2025-08-19 19:00:00
vincent.oconnor-robertson492@example.com,Cycling,47,2025-08-24 19:00:00
vincent.oconnor-robertson492@example.com,Tennis,41,2025-08-26 19:00:00
vincent.oconnor-robertson492@example.com,Stretching,22,2025-09-01 19:00:00
vincent.oconnor-robertson492@example.com,Walk,38,2025-09-04 19:00:00
vincent.oconnor-robertson492@example.com,Yoga,10,2025-09-05 19:00:00
vincent.oconnor-robertson492@example.com,Walk,36,2025-09-07 19:00:00
vincent.oconnor-robertson492@example.com,Tennis,13,2025-09-08 19:00:00
vincent.oconnor-robertson492@example.com,Cycling,28,2025-09-10 19:00:00
vincent.oconnor-robertson492@example.com,Walk,28,2025-09-17 19:00:00
vincent.oconnor-robertson492@example.com,Study Break,19,2025-09-18 19:00:00
vincent.oconnor-robertson492@example.com,Study Break,12,2025-09-21 19:00:00
vincent.oconnor-robertson492@example.com,Cycling,21,2025-09-27 19:00:00
vincent.oconnor-robertson492@example.com,Tennis,22,2025-09-29 19:00:00
vincent.oconnor-robertson492@example.com,Stretching,29,2025-09-30 19:00:00
vincent.oconnor-robertson492@example.com,Gym,27,2025-10-04 19:00:00
vincent.oconnor-robertson492@example.com,Gym,38,2025-10-05 19:00:00
vincent.oconnor-robertson492@example.com,Meditation,37,2025-10-07 19:00:00
vincent.oconnor-robertson492@example.com,Stretching,28,2025-10-08 19:00:00
vincent.oconnor-robertson492@example.com,Tennis,13,2025-10-09 19:00:00
vincent.oconnor-robertson492@example.com,Stretching,24,2025-10-13 19:00:00
vincent.oconnor-robertson492@example.com,Meditation,36,2025-10-14 19:00:00
vincent.oconnor-robertson492@example.com,Stretching,61,2025-10-15 19:00:00
vincent.oconnor-robertson492@example.com,Gym,40,2025-10-20 19:00:00
vincent.oconnor-robertson492@example.com,Stretching,41,2025-10-22 19:00:00
lorraine.hughes491@example.com,Tennis,23,2025-07-27 19:00:00
lorraine.hughes491@example.com,Walk,10,2025-07-31 19:00:00
lorraine.hughes491@example.com,Tennis,40,2025-08-01 19:00:00
lorraine.hughes491@example.com,Tennis,21,2025-08-02 19:00:00
lorraine.hughes491@example.com,Cycling,35,2025-08-03 19:00:00
lorraine.hughes491@example.com,Walk,42,2025-08-04 19:00:00
lorraine.hughes491@example.com,Tennis,56,2025-08-06 19:00:00
lorraine.hughes491@example.com,Walk,22,2025-08-09 19:00:00
lorraine.hughes491@example.com,Run,33,2025-08-10 19:00:00
lorraine.hughes491@example.com,Study Break,66,2025-08-13 19:00:00
lorraine.hughes491@example.com,Walk,41,2025-08-17 19:00:00
lorraine.hughes491@example.com,Stretching,13,2025-08-22 19:00:00
lorraine.hughes491@example.com,Stretching,59,2025-08-24 19:00:00
lorraine.hughes491@example.com,Run,63,2025-08-25 19:00:00
lorraine.hughes491@example.com,Walk,45,2025-08-26 19:00:00
lorraine.hughes491@example.com,Meditation,21,2025-08-30 19:00:00
lorraine.hughes491@example.com,Gym,29,2025-09-01 19:00:00
lorraine.hughes491@example.com,Cycling,26,2025-09-03 19:00:00
lorraine.hughes491@example.com,Run,44,2025-09-04 19:00:00
lorraine.hughes491@example.com,Stretching,56,2025-09-05 19:00:00
lorraine.hughes491@example.com,Cycling,52,2025-09-06 19:00:00
lorraine.hughes491@example.com,Walk,52,2025-09-07 19:00:00
lorraine.hughes491@example.com,Run,44,2025-09-08 19:00:00
lorraine.hughes491@example.com,Run,44,2025-09-12 19:00:00
lorraine.hughes491@example.com,Run,53,2025-09-13 19:00:00
lorraine.hughes491@example.com,Run,38,2025-09-14 19:00:00
lorraine.hughes491@example.com,Gym,31,2025-09-15 19:00:00
lorraine.hughes491@example.com,Tennis,28,2025-09-26 19:00:00
lorraine.hughes491@example.com,Stretching,46,2025-09-27 19:00:00
lorraine.hughes491@example.com,Stretching,42,2025-09-29 19:00:00
lorraine.hughes491@example.com,Meditation,41,2025-10-01 19:00:00
lorraine.hughes491@example.com,Cycling,53,2025-10-03 19:00:00
lorraine.hughes491@example.com,Walk,23,2025-10-04 19:00:00
lorraine.hughes491@example.com,Walk,17,2025-10-10 19:00:00
lorraine.hughes491@example.com,Cycling,42,2025-10-16 19:00:00
lorraine.hughes491@example.com,Tennis,42,2025-10-21 19:00:00
lorraine.hughes491@example.com,Meditation,32,2025-10-22 19:00:00
lorraine.hughes491@example.com,Meditation,49,2025-10-23 19:00:00
charlie.leonard823@example.com,Gym,39,2025-07-29 19:00:00
charlie.leonard823@example.com,Run,55,2025-07-30 19:00:00
charlie.leonard823@example.com,Gym,33,2025-07-31 19:00:00
charlie.leonard823@example.com,Gym,65,2025-08-03 19:00:00
charlie.leonard823@example.com,Stretching,32,2025-08-08 19:00:00
charlie.leonard823@example.com,Gym,14,2025-08-10 19:00:00
charlie.leonard823@example.com,Meditation,40,2025-08-11 19:00:00
charlie.leonard823@example.com,Cycling,25,2025-08-12 19:00:00
charlie.leonard823@example.com,Stretching,37,2025-08-15 19:00:00
charlie.leonard823@example.com,Walk,31,2025-08-16 19:00:00
charlie.leonard823@example.com,Run,62,2025-08-18 19:00:00
charlie.leonard823@example.com,Gym,41,2025-08-21 19:00:00
charlie.leonard823@example.com,Yoga,12,2025-08-22 19:00:00
charlie.leonard823@example.com,Gym,25,2025-08-23 19:00:00
charlie.leonard823@example.com,Meditation,60,2025-08-25 19:00:00
charlie.leonard823@example.com,Run,29,2025-08-28 19:00:00
charlie.leonard823@example.com,Walk,23,2025-08-30 19:00:00
charlie.leonard823@example.com,Walk,44,2025-09-01 19:00:00
charlie.leonard823@example.com,Walk,45,2025-09-08 19:00:00
charlie.leonard823@example.com,Cycling,42,2025-09-09 19:00:00
charlie.leonard823@example.com,Yoga,43,2025-09-13 19:00:00
charlie.leonard823@example.com,Study Break,21,2025-09-14 19:00:00
charlie.leonard823@example.com,Yoga,17,2025-09-17 19:00:00
charlie.leonard823@example.com,Yoga,35,2025-09-22 19:00:00
charlie.leonard823@example.com,Study Break,43,2025-09-26 19:00:00
charlie.leonard823@example.com,Meditation,47,2025-09-28 19:00:00
charlie.leonard823@example.com,Meditation,14,2025-09-29 19:00:00
charlie.leonard823@example.com,Gym,33,2025-09-30 19:00:00
charlie.leonard823@example.com,Run,20,2025-10-04 19:00:00
charlie.leonard823@example.com,Walk,42,2025-10-17 19:00:00
charlie.leonard823@example.com,Cycling,20,2025-10-21 19:00:00
charlie.leonard823@example.com,Walk,46,2025-10-22 19:00:00
charlie.leonard823@example.com,Yoga,26,2025-10-25 19:00:00
mathew.gregory848@example.com,Yoga,26,2025-07-29 19:00:00
mathew.gregory848@example.com,Gym,19,2025-07-30 19:00:00
mathew.gregory848@example.com,Run,46,2025-08-02 19:00:00
mathew.gregory848@example.com,Yoga,51,2025-08-05 19:00:00
mathew.gregory848@example.com,Yoga,18,2025-08-07 19:00:00
mathew.gregory848@example.com,Cycling,52,2025-08-09 19:00:00
mathew.gregory848@example.com,Study Break,44,2025-08-17 19:00:00
mathew.gregory848@example.com,Yoga,58,2025-08-18 19:00:00
mathew.gregory848@example.com,Cycling,40,2025-08-19 19:00:00
mathew.gregory848@example.com,Tennis,27,2025-08-20 19:00:00
mathew.gregory848@example.com,Tennis,48,2025-08-23 19:00:00
mathew.gregory848@example.com,Stretching,31,2025-08-25 19:00:00
mathew.gregory848@example.com,Gym,47,2025-08-26 19:00:00
mathew.gregory848@example.com,Tennis,58,2025-08-27 19:00:00
mathew.gregory848@example.com,Study Break,17,2025-08-31 19:00:00
mathew.gregory848@example.com,Tennis,24,2025-09-05 19:00:00
mathew.gregory848@example.com,Yoga,39,2025-09-07 19:00:00
mathew.gregory848@example.com,Cycling,38,2025-09-08 19:00:00
mathew.gregory848@example.com,Run,59,2025-09-10 19:00:00
mathew.gregory848@example.com,Stretching,20,2025-09-13 19:00:00
mathew.gregory848@example.com,Yoga,44,2025-09-15 19:00:00
mathew.gregory848@example.com,Run,51,2025-09-17 19:00:00
mathew.gregory848@example.com,Tennis,25,2025-09-18 19:00:00
mathew.gregory848@example.com,Walk,23,2025-09-19 19:00:00
mathew.gregory848@example.com,Yoga,45,2025-09-20 19:00:00
mathew.gregory848@example.com,Yoga,23,2025-09-21 19:00:00
mathew.gregory848@example.com,Walk,42,2025-09-22 19:00:00
mathew.gregory848@example.com,Gym,33,2025-09-25 19:00:00
mathew.gregory848@example.com,Walk,22,2025-09-28 19:00:00
mathew.gregory848@example.com,Yoga,17,2025-09-29 19:00:00
mathew.gregory848@example.com,Cycling,26,2025-10-02 19:00:00
mathew.gregory848@example.com,Tennis,41,2025-10-04 19:00:00
mathew.gregory848@example.com,Study Break,38,2025-10-06 19:00:00
mathew.gregory848@example.com,Study Break,24,2025-10-08 19:00:00
mathew.gregory848@example.com,Run,11,2025-10-10 19:00:00
mathew.gregory848@example.com,Cycling,41,2025-10-11 19:00:00
mathew.gregory848@example.com,Tennis,43,2025-10-21 19:00:00
mathew.gregory848@example.com,Gym,29,2025-10-23 19:00:00
mathew.gregory848@example.com,Stretching,14,2025-10-24 19:00:00
carol.lewis279@example.com,Meditation,35,2025-07-27 19:00:00
carol.lewis279@example.com,Yoga,47,2025-07-29 19:00:00
carol.lewis279@example.com,Study Break,46,2025-07-31 19:00:00
carol.lewis279@example.com,Gym,16,2025-08-03 19:00:00
carol.lewis279@example.com,Gym,34,2025-08-04 19:00:00
carol.lewis279@example.com,Gym,48,2025-08-10 19:00:00
carol.lewis279@example.com,Gym,29,2025-08-11 19:00:00
carol.lewis279@example.com,Gym,31,2025-08-18 19:00:00
carol.lewis279@example.com,Walk,31,2025-08-20 19:00:00
carol.lewis279@example.com,Study Break,45,2025-08-24 19:00:00
carol.lewis279@example.com,Walk,20,2025-08-26 19:00:00
carol.lewis279@example.com,Walk,30,2025-08-27 19:00:00
carol.lewis279@example.com,Meditation,34,2025-08-28 19:00:00
carol.lewis279@example.com,Run,63,2025-08-29 19:00:00
carol.lewis279@example.com,Walk,47,2025-08-30 19:00:00
carol.lewis279@example.com,Tennis,51,2025-08-31 19:00:00
carol.lewis279@example.com,Stretching,65,2025-09-04 19:00:00
carol.lewis279@example.com,Cycling,33,2025-09-13 19:00:00
carol.lewis279@example.com,Gym,10,2025-09-14 19:00:00
carol.lewis279@example.com,Tennis,15,2025-09-20 19:00:00
carol.lewis279@example.com,Meditation,88,2025-09-21 19:00:00
carol.lewis279@example.com,Yoga,38,2025-09-25 19:00:00
carol.lewis279@example.com,Walk,16,2025-09-26 19:00:00
carol.lewis279@example.com,Gym,22,2025-09-28 19:00:00
carol.lewis279@example.com,Walk,31,2025-10-04 19:00:00
carol.lewis279@example.com,Meditation,55,2025-10-05 19:00:00
carol.lewis279@example.com,Tennis,44,2025-10-09 19:00:00
carol.lewis279@example.com,Stretching,24,2025-10-11 19:00:00
carol.lewis279@example.com,Gym,37,2025-10-14 19:00:00
carol.lewis279@example.com,Study Break,37,2025-10-15 19:00:00
carol.lewis279@example.com,Run,30,2025-10-17 19:00:00
carol.lewis279@example.com,Meditation,49,2025-10-18 19:00:00
carol.lewis279@example.com,Study Break,10,2025-10-20 19:00:00
carol.lewis279@example.com,Cycling,10,2025-10-21 19:00:00
carol.lewis279@example.com,Gym,20,2025-10-22 19:00:00
carol.lewis279@example.com,Walk,49,2025-10-23 19:00:00
carol.lewis279@example.com,Walk,10,2025-10-25 19:00:00
sean.hicks349@example.com,Yoga,39,2025-07-27 19:00:00
sean.hicks349@example.com,Gym,23,2025-07-28 19:00:00
sean.hicks349@example.com,Tennis,30,2025-07-29 19:00:00
sean.hicks349@example.com,Stretching,41,2025-07-31 19:00:00
sean.hicks349@example.com,Stretching,55,2025-08-03 19:00:00
sean.hicks349@example.com,Tennis,50,2025-08-04 19:00:00
sean.hicks349@example.com,Walk,51,2025-08-05 19:00:00
sean.hicks349@example.com,Yoga,35,2025-08-07 19:00:00
sean.hicks349@example.com,Stretching,35,2025-08-09 19:00:00
sean.hicks349@example.com,Stretching,59,2025-08-10 19:00:00
sean.hicks349@example.com,Cycling,10,2025-08-12 19:00:00
sean.hicks349@example.com,Yoga,16,2025-08-17 19:00:00
sean.hicks349@example.com,Cycling,10,2025-08-18 19:00:00
sean.hicks349@example.com,Cycling,14,2025-08-20 19:00:00
sean.hicks349@example.com,Cycling,50,2025-08-21 19:00:00
sean.hicks349@example.com,Study Break,28,2025-08-23 19:00:00
sean.hicks349@example.com,Study Break,23,2025-08-24 19:00:00
sean.hicks349@example.com,Cycling,66,2025-08-26 19:00:00
sean.hicks349@example.com,Gym,24,2025-08-27 19:00:00
sean.hicks349@example.com,Study Break,18,2025-08-28 19:00:00
sean.hicks349@example.com,Cycling,34,2025-08-29 19:00:00
sean.hicks349@example.com,Meditation,34,2025-09-02 19:00:00
sean.hicks349@example.com,Cycling,39,2025-09-03 19:00:00
sean.hicks349@example.com,Tennis,18,2025-09-05 19:00:00
sean.hicks349@example.com,Tennis,29,2025-09-06 19:00:00
sean.hicks349@example.com,Gym,20,2025-09-10 19:00:00
sean.hicks349@example.com,Cycling,45,2025-09-12 19:00:00
sean.hicks349@example.com,Run,19,2025-09-15 19:00:00
sean.hicks349@example.com,Run,38,2025-09-16 19:00:00
sean.hicks349@example.com,Meditation,48,2025-09-18 19:00:00
sean.hicks349@example.com,Meditation,32,2025-09-19 19:00:00
sean.hicks349@example.com,Stretching,23,2025-09-20 19:00:00
sean.hicks349@example.com,Yoga,39,2025-09-22 19:00:00
sean.hicks349@example.com,Study Break,42,2025-10-01 19:00:00
sean.hicks349@example.com,Cycling,31,2025-10-04 19:00:00
sean.hicks349@example.com,Gym,34,2025-10-05 19:00:00
sean.hicks349@example.com,Gym,33,2025-10-06 19:00:00
sean.hicks349@example.com,Meditation,44,2025-10-08 19:00:00
sean.hicks349@example.com,Yoga,24,2025-10-10 19:00:00
sean.hicks349@example.com,Run,47,2025-10-13 19:00:00
sean.hicks349@example.com,Meditation,54,2025-10-14 19:00:00
sean.hicks349@example.com,Run,21,2025-10-15 19:00:00
sean.hicks349@example.com,Gym,39,2025-10-16 19:00:00
sean.hicks349@example.com,Stretching,25,2025-10-18 19:00:00
sean.hicks349@example.com,Cycling,41,2025-10-19 19:00:00
sean.hicks349@example.com,Yoga,32,2025-10-20 19:00:00
sean.hicks349@example.com,Stretching,28,2025-10-22 19:00:00
sean.hicks349@example.com,Tennis,34,2025-10-25 19:00:00
molly.horton-dean801@example.com,Study Break,27,2025-07-27 19:00:00
molly.horton-dean801@example.com,Stretching,10,2025-07-28 19:00:00
molly.horton-dean801@example.com,Gym,61,2025-07-29 19:00:00
molly.horton-dean801@example.com,Stretching,47,2025-07-31 19:00:00
molly.horton-dean801@example.com,Run,51,2025-08-03 19:00:00
molly.horton-dean801@example.com,Study Break,61,2025-08-08 19:00:00
molly.horton-dean801@example.com,Run,33,2025-08-15 19:00:00
molly.horton-dean801@example.com,Walk,20,2025-08-16 19:00:00
molly.horton-dean801@example.com,Meditation,33,2025-08-20 19:00:00
molly.horton-dean801@example.com,Study Break,24,2025-08-21 19:00:00
molly.horton-dean801@example.com,Stretching,51,2025-08-23 19:00:00
molly.horton-dean801@example.com,Stretching,26,2025-08-26 19:00:00
molly.horton-dean801@example.com,Stretching,31,2025-08-27 19:00:00
molly.horton-dean801@example.com,Tennis,52,2025-08-28 19:00:00
molly.horton-dean801@example.com,Study Break,19,2025-08-29 19:00:00
molly.horton-dean801@example.com,Gym,35,2025-08-30 19:00:00
molly.horton-dean801@example.com,Meditation,66,2025-09-01 19:00:00
molly.horton-dean801@example.com,Meditation,12,2025-09-05 19:00:00
molly.horton-dean801@example.com,Stretching,46,2025-09-06 19:00:00
molly.horton-dean801@example.com,Meditation,43,2025-09-09 19:00:00
molly.horton-dean801@example.com,Meditation,50,2025-09-10 19:00:00
molly.horton-dean801@example.com,Study Break,35,2025-09-11 19:00:00
molly.horton-dean801@example.com,Walk,25,2025-09-12 19:00:00
molly.horton-dean801@example.com,Run,10,2025-09-14 19:00:00
molly.horton-dean801@example.com,Gym,57,2025-09-16 19:00:00
molly.horton-dean801@example.com,Cycling,10,2025-09-23 19:00:00
molly.horton-dean801@example.com,Meditation,53,2025-09-24 19:00:00
molly.horton-dean801@example.com,Walk,44,2025-09-25 19:00:00
molly.horton-dean801@example.com,Study Break,10,2025-09-27 19:00:00
molly.horton-dean801@example.com,Tennis,33,2025-09-28 19:00:00
molly.horton-dean801@example.com,Gym,62,2025-09-29 19:00:00
molly.horton-dean801@example.com,Tennis,42,2025-09-30 19:00:00
molly.horton-dean801@example.com,Cycling,10,2025-10-02 19:00:00
molly.horton-dean801@example.com,Cycling,34,2025-10-03 19:00:00
molly.horton-dean801@example.com,Stretching,33,2025-10-04 19:00:00
molly.horton-dean801@example.com,Study Break,29,2025-10-06 19:00:00
molly.horton-dean801@example.com,Stretching,16,2025-10-08 19:00:00
molly.horton-dean801@example.com,Gym,17,2025-10-11 19:00:00
molly.horton-dean801@example.com,Cycling,27,2025-10-13 19:00:00
molly.horton-dean801@example.com,Run,29,2025-10-15 19:00:00
molly.horton-dean801@example.com,Gym,36,2025-10-16 19:00:00
molly.horton-dean801@example.com,Study Break,31,2025-10-18 19:00:00
molly.horton-dean801@example.com,Cycling,53,2025-10-23 19:00:00
molly.horton-dean801@example.com,Run,66,2025-10-24 19:00:00
molly.horton-dean801@example.com,Study Break,16,2025-10-25 19:00:00
alan.marsh495@example.com,Cycling,35,2025-07-27 19:00:00
alan.marsh495@example.com,Gym,20,2025-07-28 19:00:00
alan.marsh495@example.com,Study Break,33,2025-07-31 19:00:00
alan.marsh495@example.com,Run,48,2025-08-02 19:00:00
alan.marsh495@example.com,Walk,28,2025-08-03 19:00:00
alan.marsh495@example.com,Yoga,25,2025-08-04 19:00:00
alan.marsh495@example.com,Cycling,36,2025-08-06 19:00:00
alan.marsh495@example.com,Stretching,28,2025-08-08 19:00:00
alan.marsh495@example.com,Meditation,63,2025-08-09 19:00:00
alan.marsh495@example.com,Tennis,49,2025-08-10 19:00:00
alan.marsh495@example.com,Run,26,2025-08-11 19:00:00
alan.marsh495@example.com,Tennis,59,2025-08-12 19:00:00
alan.marsh495@example.com,Study Break,53,2025-08-15 19:00:00
alan.marsh495@example.com,Stretching,28,2025-08-19 19:00:00
alan.marsh495@example.com,Walk,47,2025-08-20 19:00:00
alan.marsh495@example.com,Walk,23,2025-08-25 19:00:00
alan.marsh495@example.com,Tennis,20,2025-08-26 19:00:00
alan.marsh495@example.com,Tennis,45,2025-08-27 19:00:00
alan.marsh495@example.com,Yoga,31,2025-08-28 19:00:00
alan.marsh495@example.com,Walk,45,2025-08-30 19:00:00
alan.marsh495@example.com,Stretching,52,2025-09-02 19:00:00
alan.marsh495@example.com,Study Break,36,2025-09-03 19:00:00
alan.marsh495@example.com,Cycling,23,2025-09-07 19:00:00
alan.marsh495@example.com,Yoga,63,2025-09-08 19:00:00
alan.marsh495@example.com,Study Break,35,2025-09-09 19:00:00
alan.marsh495@example.com,Meditation,53,2025-09-10 19:00:00
alan.marsh495@example.com,Run,25,2025-09-11 19:00:00
alan.marsh495@example.com,Stretching,24,2025-09-18 19:00:00
alan.marsh495@example.com,Yoga,19,2025-09-19 19:00:00
alan.marsh495@example.com,Walk,46,2025-09-21 19:00:00
alan.marsh495@example.com,Stretching,44,2025-09-22 19:00:00
alan.marsh495@example.com,Study Break,49,2025-09-24 19:00:00
alan.marsh495@example.com,Study Break,30,2025-09-25 19:00:00
alan.marsh495@example.com,Tennis,53,2025-09-27 19:00:00
alan.marsh495@example.com,Meditation,13,2025-09-28 19:00:00
alan.marsh495@example.com,Tennis,23,2025-09-29 19:00:00
alan.marsh495@example.com,Run,27,2025-09-30 19:00:00
alan.marsh495@example.com,Walk,40,2025-10-01 19:00:00
alan.marsh495@example.com,Stretching,20,2025-10-02 19:00:00
alan.marsh495@example.com,Walk,40,2025-10-03 19:00:00
alan.marsh495@example.com,Study Break,36,2025-10-04 19:00:00
alan.marsh495@example.com,Study Break,49,2025-10-05 19:00:00
alan.marsh495@example.com,Gym,25,2025-10-06 19:00:00
alan.marsh495@example.com,Walk,45,2025-10-10 19:00:00
alan.marsh495@example.com,Walk,14,2025-10-11 19:00:00
alan.marsh495@example.com,Gym,14,2025-10-14 19:00:00
alan.marsh495@example.com,Study Break,19,2025-10-15 19:00:00
alan.marsh495@example.com,Cycling,21,2025-10-17 19:00:00
alan.marsh495@example.com,Gym,31,2025-10-18 19:00:00
alan.marsh495@example.com,Meditation,33,2025-10-19 19:00:00
alan.marsh495@example.com,Gym,29,2025-10-21 19:00:00
alan.marsh495@example.com,Walk,39,2025-10-23 19:00:00
alan.marsh495@example.com,Study Break,48,2025-10-24 19:00:00
alan.marsh495@example.com,Cycling,54,2025-10-25 19:00:00
